blubadsds,blubasdasd
qasd,sfsfacaxa
Apple Pie,"This is a sweet, tart and delicious apple pie. Guaranteed to please. Be sure to use Granny Smith apples since they work the best."
German Apple Sheet Cake,"This is my grandma's recipe for a super-easy apple cake.
                     We had an apple tree, and this was a great way to use them."
German Apple Sheet Cake,"This is my grandma's recipe for a super-easy apple cake.
                     We had an apple tree, and this was a great way to use them."
German Apple Sheet Cake,"This is my grandma's recipe for a super-easy apple cake.
                     We had an apple tree, and this was a great way to use them."
Apple Pie,"This is a sweet, tart and delicious apple pie. Guaranteed to please. Be sure to use Granny Smith apples since they work the best."
Vegan Mushroom and Kale Soup,Creamy-like vegan mushroom and kale soup recipe makes a great main dish.
Apple Pie,"This is a sweet, tart and delicious apple pie. Guaranteed to please. Be sure to use Granny Smith apples since they work the best."
asdas,asdasd
